username,occupation,discussion_topic,platform,response
LinkedInHRPro,"HR Director, workplace culture consultant",What's Wrong with Current GBV Prevention Tools,Reddit r/socialjustice,"From my experience, most GBV prevention programs fail because they focus too much on ticking boxes for legal compliance rather than fostering real engagement or cultural change. Many workplace trainings have low completion rates and don't resonate with employees because the content feels generic, repetitive, and disconnected from their daily realities. Campus programs and online resources often suffer similar issues—they lack evidence-based approaches that truly impact behavior. What really doesn't work is one-size-fits-all training that doesn't measure or drive meaningful change in workplace culture."
InteractiveDesignerGDC,"Serious games designer, educational tech specialist",What's Wrong with Current GBV Prevention Tools,Reddit r/socialjustice,"Most GBV prevention programs fail because they either trivialize the issue or come off as preachy and patronizing. From my experience, especially with attempts to gamify serious topics, the key is authentic engagement. Programs that rely on superficial rewards like points or badges without respecting players' intrinsic motivation tend to fall flat. Effective prevention needs to follow solid game design principles and genuinely respect the players' intelligence and experiences."
Sarah_Speaks,"Nonprofit worker, survivor advocate, blogger",What's Wrong with Current GBV Prevention Tools,Reddit r/socialjustice,"From my experience, most GBV prevention programs fail because they're designed without truly understanding trauma or listening to survivors. Campus hotlines, workplace trainings, and online resources often feel inadequate or even retraumatizing. Many programs come off as performative, using one-size-fits-all approaches that ignore the complexities of survivors' experiences. Authentic prevention needs to center survivor voices and be trauma-informed, not just checkboxes or PR moves."
Dr_TraumaInformed,"Licensed therapist, trauma specialist, speaker",What's Wrong with Current GBV Prevention Tools,Reddit r/socialjustice,"Most GBV prevention programs fail because they often ignore basic trauma-informed principles. They lack trigger warnings, don't provide survivors with choices, and use graphic content without adequate support, which can retraumatize individuals rather than help them. Workplace trainings, campus programs, and online resources frequently fall into these pitfalls, making them ineffective or even harmful. A trauma-informed approach that prioritizes safety, choice, and emotional support is essential for these programs to truly work."
MensRights_Voice,"Software developer, men's issues blogger",What's Wrong with Current GBV Prevention Tools,Reddit r/socialjustice,"From my experience and what I've seen, most GBV prevention programs fail because they alienate men by assuming all men are potential perpetrators. This approach makes men check out mentally and feel unfairly targeted, which defeats the purpose of prevention. Instead, these programs should treat men as allies and partners in prevention, not threats. Only then can they engage men effectively and create real change."
GlobalGBV_Worker,"International development worker, GBV program manager",What's Wrong with Current GBV Prevention Tools,Reddit r/socialjustice,"From my experience working across multiple countries, most GBV prevention programs fail because they impose Western feminist frameworks without adapting to local cultural contexts. These programs often overlook local power dynamics and social norms, which are crucial for effective prevention. Workplace trainings, campus programs, and online resources tend to focus on awareness-raising but don't engage communities deeply or address structural issues, leading to limited impact or even resistance. Prevention tools must be culturally adaptable and sensitive to local realities to truly work."
SafetyTechFounder,"Safety tech startup founder, former engineer",What's Wrong with Current GBV Prevention Tools,Reddit r/socialjustice,"From my experience building safety tech, many GBV prevention programs fail because they underestimate how hard it is to change human behavior. Workplace trainings and campus programs often feel like mandatory checkboxes rather than meaningful engagement, so people don't internalize the lessons. Online resources can be too generic and lack follow-up, which makes them less effective. Tech can help scale solutions, but without addressing social norms and sustained behavior change, these programs struggle to make a real impact."
FormerGreekLifeVP,"Young professional, formerly fraternity vice president",What's Wrong with Current GBV Prevention Tools,Reddit r/socialjustice,"From my experience, most GBV prevention programs fail because they don't connect with the actual peer culture on campuses, especially in Greek life. Mandatory presentations often get mocked and ignored because they feel imposed by administration rather than coming from within the student community. For prevention to work, it has to be authentic and integrated into peer accountability systems, not just top-down training that students see as a checkbox. Programs that don't respect or understand the social dynamics and resistance within these groups tend to fall flat."
CampusSafety_Dean,"University Dean of Students, Title IX coordinator",What's Wrong with Current GBV Prevention Tools,Reddit r/socialjustice,"From my experience as a University Dean and Title IX coordinator, many GBV prevention programs fail because students often see them as just mandatory checkboxes rather than meaningful learning opportunities. Online modules and workshops sometimes feel punitive or irrelevant, especially when they don't reflect the diverse experiences of our campus community. Programs that don't engage students in their design or fail to adapt to campus culture tend to have low impact. We desperately need scalable solutions that genuinely promote safety without feeling like punishment."
GlobalGBV_Worker,"International development worker, GBV program manager",The Gamification Debate,Twitter Thread,"Gamifying sexual violence prevention can be a double-edged sword. On one hand, interactive games can engage people in ways traditional trainings might not, offering safe spaces to learn and reflect. On the other hand, if not designed with deep trauma-informed principles and survivor input, such games risk trivializing serious experiences or even causing harm. The line is crossed when the game oversimplifies trauma, ignores cultural contexts, or fails to respect survivors' realities. Thoughtful, culturally sensitive design is essential to make gamification a helpful tool rather than a harmful one."
MensRights_Voice,"Software developer, men's issues blogger",The Gamification Debate,Twitter Thread,"Honestly, I'm a bit skeptical about gamifying something as serious as sexual violence prevention. It risks trivializing trauma or making light of experiences that are deeply painful. That said, if the game is designed with real sensitivity, respect, and includes men as allies rather than threats, it might engage people better than traditional programs. The line is crossed when the game becomes more about entertainment than education or support. It's a tough balance to strike."
LinkedInHRPro,"HR Director, workplace culture consultant",The Gamification Debate,Twitter Thread,"Gamifying serious trauma topics like sexual violence prevention can be a double-edged sword. On one hand, a well-designed game that is trauma-informed, culturally sensitive, and survivor-centered can engage people in ways traditional trainings often fail to do. It can provide practical skills and foster empathy without feeling like a checkbox exercise. On the other hand, if not carefully designed with input from survivors and experts, it risks trivializing the trauma or retraumatizing participants. The line is crossed when the game prioritizes entertainment over education and healing, or when it ignores the complexities of survivors' experiences."
Dr_TraumaInformed,"Licensed therapist, trauma specialist, speaker",The Gamification Debate,Twitter Thread,"Gamifying serious trauma topics like sexual violence prevention can be a double-edged sword. When done thoughtfully with trauma-informed principles—such as providing choice, avoiding graphic triggers without support, and respecting survivors' experiences—it can engage people in meaningful learning. However, if poorly designed, it risks trivializing the issue or retraumatizing survivors. The key is ensuring the game fosters genuine understanding and empowerment rather than oversimplification or sensationalism."
QueerSafety_Activist,"LGBTQ+ center director, community organizer",The Gamification Debate,Twitter Thread,"Gamifying sexual violence prevention can be a double-edged sword. If done thoughtfully, with trauma-informed design and survivor input, it might engage people in ways traditional programs don't. But if it's superficial or trivializes the trauma, it risks harm and retraumatization. The key is respecting the seriousness of the topic, centering survivor experiences, and ensuring the game fosters real understanding and practical skills rather than just entertainment."
CopOnTheBeat,"Police officer, domestic violence unit",The Gamification Debate,Twitter Thread,"I think gamifying sexual violence prevention can be a double-edged sword. It might help engage people better than traditional methods, but it has to be done very carefully. If the game isn't trauma-informed or culturally sensitive, it risks trivializing serious issues or even retraumatizing survivors. The key is involving survivors and experts in the design to make sure it empowers players and respects the gravity of the topic."
SafetyTechFounder,"Safety tech startup founder, former engineer",The Gamification Debate,Twitter Thread,"Gamifying serious trauma topics like sexual violence prevention is a tricky balance. It can make learning more engaging and accessible, which is great for reaching wider audiences. But it has to be done with extreme care to avoid trivializing survivors' experiences or oversimplifying complex issues. The key is trauma-informed design that respects and empowers players rather than just entertaining them. If done right, games can be powerful tools for social change, but the line is crossed when the game feels insensitive or exploitative."
UrbanYouthAdvocate,"Community organizer, youth program director",The Gamification Debate,Twitter Thread,"I think gamifying sexual violence prevention can be useful if it's done with real care and respect. It has to be trauma-informed and culturally relevant, especially for communities like mine where many programs miss the mark. If the game centers survivors' voices, teaches practical skills, and doesn't trivialize the experience, it could engage people in ways traditional trainings don't. But if it's just for show or ignores the complexity of trauma, it risks doing more harm than good. The line is crossed when it becomes insensitive or superficial."
FormerGreekLifeVP,"Young professional, formerly fraternity vice president",The Gamification Debate,Twitter Thread,"Gamifying sexual violence prevention can be a double-edged sword. On one hand, it has the potential to engage people in ways traditional programs often fail, especially if it resonates with peer culture and feels authentic. But on the other hand, if it's not trauma-informed and culturally sensitive, it risks trivializing serious experiences and retraumatizing survivors. The line is drawn where the game respects survivors' realities, avoids minimizing harm, and genuinely promotes meaningful learning and behavior change rather than just being entertainment or a checkbox exercise."
InteractiveDesignerGDC,"Serious games designer, educational tech specialist",The Gamification Debate,Twitter Thread,"Gamifying serious trauma topics like sexual violence prevention can be appropriate, but only if done with deep respect for the subject matter. The key is to avoid trivializing or patronizing players. Games must be trauma-informed, culturally sensitive, and designed with authentic engagement in mind. The line is crossed when games become preachy, use superficial rewards like points or badges without meaningful motivation, or fail to provide real tools for understanding and intervention. Good game design principles and intrinsic motivation are essential to make these games effective and respectful."
LinkedInHRPro,"HR Director, workplace culture consultant",Trauma-Informed Design: What Does It Actually Mean?,LinkedIn Professional Discussion,"In practice, a truly trauma-informed GBV prevention tool recognizes the widespread impact of trauma and prioritizes creating a safe, trustworthy environment. It emphasizes choice, collaboration, and empowerment, involving survivors and experts in its design to avoid retraumatization. Such tools focus on healing and practical skills rather than just awareness or legal compliance. On the other hand, performative tools often use 'trauma-informed' as a buzzword without embedding these principles, resulting in superficial programs that may do more harm than good by ignoring real survivor needs."
FormerGreekLifeVP,"Young professional, formerly fraternity vice president",Trauma-Informed Design: What Does It Actually Mean?,LinkedIn Professional Discussion,"In practice, a truly trauma-informed GBV prevention tool understands the deep impact of trauma on survivors and prioritizes creating safe, respectful spaces that avoid retraumatization. It centers survivor voices and experiences, ensuring their input shapes the program authentically. Such tools are integrated into the culture they serve, especially peer cultures, rather than feeling imposed or performative. Performative tools often check boxes without real engagement, lack depth, and fail to resonate with the community, making them ineffective. Authenticity and peer accountability are key to being genuinely trauma-informed."
GlobalGBV_Worker,"International development worker, GBV program manager",Trauma-Informed Design: What Does It Actually Mean?,LinkedIn Professional Discussion,"In practice, a truly trauma-informed GBV prevention tool is one that is developed with meaningful input from survivors and trauma experts, prioritizes safety and empowerment, and actively works to avoid retraumatization. It must be culturally sensitive and adaptable to local contexts, addressing underlying power dynamics rather than just ticking boxes. Performative tools often use trauma-informed language superficially without genuine integration or community involvement, which can lead to ineffective or even harmful outcomes. Genuine trauma-informed approaches require ongoing critical evaluation and community engagement to ensure they truly serve those affected."
QueerSafety_Activist,"LGBTQ+ center director, community organizer",Trauma-Informed Design: What Does It Actually Mean?,LinkedIn Professional Discussion,"Being truly trauma-informed means more than just using the term as a buzzword. It requires centering the voices and experiences of survivors, especially those from marginalized communities like LGBTQ+ folks. It means creating spaces and tools that prioritize safety, empowerment, and trust, while actively working to avoid retraumatization. Trauma-informed approaches are culturally sensitive, inclusive, and developed with meaningful input from survivors and experts. Performative efforts, on the other hand, often lack depth, fail to address unique vulnerabilities, and serve more as checkboxes rather than genuine support."
Dr_TraumaInformed,"Licensed therapist, trauma specialist, speaker",Trauma-Informed Design: What Does It Actually Mean?,LinkedIn Professional Discussion,"Being truly trauma-informed means that a GBV prevention tool is designed with a deep understanding of trauma's effects and prioritizes the safety, choice, and empowerment of survivors. It actively avoids retraumatization by including trigger warnings, offering control over engagement, and providing supportive resources. Genuine trauma-informed tools involve survivors in their development and implementation, ensuring their voices shape the approach. In contrast, performative tools merely use the label without these core elements, often resulting in superficial or even harmful interventions that fail to respect survivors' needs."
CopOnTheBeat,"Police officer, domestic violence unit",Trauma-Informed Design: What Does It Actually Mean?,LinkedIn Professional Discussion,"From my experience on the frontlines, a truly trauma-informed GBV prevention tool goes beyond buzzwords. It means the tool is designed with deep understanding of trauma's effects, includes survivor voices in its development, and prioritizes safety and empowerment to avoid retraumatization. It also respects cultural differences and provides practical skills for intervention. Performative tools just use the term to appear progressive but lack these critical elements, often missing the mark in real-world impact."
UrbanYouthAdvocate,"Community organizer, youth program director",Trauma-Informed Design: What Does It Actually Mean?,LinkedIn Professional Discussion,"From my experience as a community organizer working with urban Black and Brown youth, truly trauma-informed GBV prevention means more than just using the term as a buzzword. It requires deep understanding of how trauma affects individuals and communities, especially considering systemic issues like police violence and economic hardship. It means integrating survivor input meaningfully, ensuring cultural competence, and actively working to avoid retraumatization. Performative approaches often lack these elements and end up being ineffective or even harmful."
MensRights_Voice,"Software developer, men's issues blogger",Cultural Relevance and Global Perspectives,International Development Forum,"I think the key to creating effective GBV prevention tools globally is to avoid imposing Western frameworks that don't fit local cultures. Programs need to be developed with meaningful input from the communities they serve, respecting their unique cultural norms and values. Just like here, where alienating men by assuming they're all threats backfires, ignoring local contexts abroad will make prevention efforts ineffective. We need inclusive, culturally sensitive approaches that engage all stakeholders as partners, not outsiders dictating terms."
GlobalGBV_Worker,"International development worker, GBV program manager",Cultural Relevance and Global Perspectives,International Development Forum,"From my experience, Western GBV prevention models often fail globally because they impose frameworks that don't fit local cultural realities. To create effective tools across cultures, we must prioritize cultural adaptability and deeply understand local power dynamics. This involves engaging local communities, survivors, and experts in co-design processes to ensure relevance and respect. Avoiding colonial frameworks means listening humbly, valuing indigenous knowledge, and resisting top-down impositions. Only through such culturally sensitive, community-rooted approaches can prevention tools be truly effective."
QueerSafety_Activist,"LGBTQ+ center director, community organizer",Cultural Relevance and Global Perspectives,International Development Forum,"Western GBV prevention models often fail globally because they impose cisnormative, heteronormative, and colonial frameworks that erase local and queer experiences. To create effective prevention tools across cultures, we must center local voices, especially marginalized communities, and co-create programs that respect cultural specificities without assuming Western norms. This means avoiding one-size-fits-all approaches, prioritizing cultural sensitivity, and ensuring tools are adaptable and community-driven. Only by dismantling colonial power dynamics and embracing diverse understandings of gender and relationships can prevention efforts be truly effective worldwide."
CopOnTheBeat,"Police officer, domestic violence unit",Cultural Relevance and Global Perspectives,International Development Forum,"From my experience working in domestic violence response, Western GBV prevention models often don't translate well globally because they can ignore local cultural contexts and realities. To avoid imposing colonial frameworks, prevention tools need to be developed collaboratively with local survivors, community leaders, and experts. This ensures the tools are culturally relevant, respectful, and practical for the specific community. The focus should be on teaching safe, effective intervention strategies that fit local norms rather than applying one-size-fits-all solutions. Without this, programs risk alienating communities and failing to prevent violence effectively."
Sarah_Speaks,"Nonprofit worker, survivor advocate, blogger",Cultural Relevance and Global Perspectives,International Development Forum,"From my experience, Western GBV prevention models often fail globally because they impose one-size-fits-all frameworks that ignore local cultures and survivor voices. To create effective tools across cultures, we must co-create programs with local communities, respect indigenous knowledge, and center survivors' lived experiences. Avoiding colonial frameworks means listening deeply, adapting to cultural contexts, and rejecting top-down approaches that don't reflect the realities of those affected."
SafetyTechFounder,"Safety tech startup founder, former engineer",Cultural Relevance and Global Perspectives,International Development Forum,"From my experience, Western GBV prevention models often fail globally because they don't account for local cultural nuances and histories. To create effective tools, we must collaborate closely with local communities, survivors, and experts to co-design solutions that respect and reflect their unique contexts. Avoiding colonial frameworks means prioritizing local knowledge, adapting language and norms, and ensuring interventions are flexible rather than one-size-fits-all. Technology can help scale these tailored approaches, but only if built with genuine community involvement and cultural humility."
UrbanYouthAdvocate,"Community organizer, youth program director",Cultural Relevance and Global Perspectives,International Development Forum,"Western GBV prevention models often don't fit global contexts because they overlook local cultures, histories, and systemic issues. From my experience, prevention tools must be co-created with communities, respecting their values and addressing broader systemic problems like economic marginalization and state violence. It's crucial to practice cultural humility and build genuine partnerships to avoid imposing colonial frameworks and ensure the tools are effective and relevant."
FormerGreekLifeVP,"Young professional, formerly fraternity vice president",Cultural Relevance and Global Perspectives,International Development Forum,"From my experience, whether in Greek life or broader contexts, prevention tools only work when they are rooted in the local culture and peer dynamics. Imposing Western models without adapting to local social norms often leads to resistance and failure. To avoid colonial frameworks, it's crucial to collaborate closely with local communities, respect their unique cultural contexts, and build prevention efforts that feel authentic and peer-driven rather than top-down mandates. This approach fosters genuine accountability and engagement."
InteractiveDesignerGDC,"Serious games designer, educational tech specialist",Cultural Relevance and Global Perspectives,International Development Forum,"Western GBV prevention models often don't translate globally because they tend to impose frameworks that don't respect local cultures and lived experiences. From my experience, effective prevention tools must be co-designed with local communities, ensuring cultural sensitivity and avoiding one-size-fits-all approaches. Authentic engagement and collaboration with local stakeholders are key to creating tools that resonate and truly support change without perpetuating colonial dynamics."
Dr_TraumaInformed,"Licensed therapist, trauma specialist, speaker",Cultural Relevance and Global Perspectives,International Development Forum,"Western GBV prevention models often fail globally because they impose frameworks that don't fit local cultures, which can feel colonial and disrespectful. To create effective tools, we must deeply engage with local communities, respect indigenous knowledge, and adapt trauma-informed principles to fit cultural contexts without erasing local voices. Collaboration, cultural humility, and avoiding one-size-fits-all approaches are essential to develop prevention programs that truly work across diverse settings."
InteractiveDesignerGDC,"Serious games designer, educational tech specialist","Engaging the Resistant: Men, Skeptics, and Defensive Audiences",Reddit r/AskMen + r/AskWomen crosspost,"Reaching people who are defensive or dismissive about GBV prevention requires moving away from preaching and instead fostering authentic engagement. Most trainings fail because they talk at people rather than with them. Effective approaches create safe spaces for dialogue, use relatable stories, and focus on intrinsic motivation rather than guilt or shame. Serious games and gamified experiences can help if they respect players and avoid trivializing the issue. Changing minds is about empathy, respect, and connection, not confrontation."
GlobalGBV_Worker,"International development worker, GBV program manager","Engaging the Resistant: Men, Skeptics, and Defensive Audiences",Reddit r/AskMen + r/AskWomen crosspost,"In my experience, reaching people who are defensive or dismissive about GBV prevention requires moving away from preaching and instead fostering culturally sensitive dialogue that respects their perspectives. Using trusted community figures and relatable storytelling helps open minds more effectively than accusatory approaches. Creating safe spaces for honest conversations and addressing underlying social norms and power dynamics is also crucial. It's about engagement, not confrontation, to truly change minds."
CopOnTheBeat,"Police officer, domestic violence unit","Engaging the Resistant: Men, Skeptics, and Defensive Audiences",Reddit r/AskMen + r/AskWomen crosspost,"From what I've seen on the frontlines, reaching people who are defensive or dismissive about GBV prevention requires moving away from preaching and judgment. It's about engaging them respectfully, showing real-life impacts, and teaching practical, safe ways to intervene. Sharing survivor stories that humanize the issue and involving trusted peers as messengers can help break down barriers. Most training fails because it feels theoretical or accusatory, which just alienates those who might benefit the most."
Sarah_Speaks,"Nonprofit worker, survivor advocate, blogger","Engaging the Resistant: Men, Skeptics, and Defensive Audiences",Reddit r/AskMen + r/AskWomen crosspost,"In my experience, reaching people who are defensive or dismissive about GBV prevention requires moving away from preachy, judgmental training. Instead, it's about creating spaces where people can listen without feeling attacked. Sharing survivor stories and fostering empathy can open hearts. Also, focusing on practical, relatable examples rather than abstract concepts helps. It's crucial to avoid shaming and instead build trust and understanding gradually. Authentic connection and respect are what actually change minds."
UrbanYouthAdvocate,"Community organizer, youth program director","Engaging the Resistant: Men, Skeptics, and Defensive Audiences",Reddit r/AskMen + r/AskWomen crosspost,"Honestly, most people who are defensive or dismissive about GBV prevention feel like the programs don't get where they're coming from. They see it as preaching or blaming, so they shut down. What really changes minds is when prevention is done through trusted community voices, not outsiders, and when it connects to real-life struggles folks face daily. Using stories from peers, creating spaces for honest talk without judgment, and focusing on respect and safety instead of blame can open people up. Shaming or lecturing just pushes them away, especially in communities like mine where trust is low."
SafetyTechFounder,"Safety tech startup founder, former engineer","Engaging the Resistant: Men, Skeptics, and Defensive Audiences",Reddit r/AskMen + r/AskWomen crosspost,"In my experience, reaching people who are defensive or dismissive about GBV prevention requires moving away from accusatory or preachy tones. Instead, creating safe spaces for open dialogue, sharing relatable stories, and focusing on common values can help lower defenses. Engaging trusted community influencers and using tech tools that promote empathy and reflection also make a difference. It's about building trust and ongoing engagement rather than one-off trainings."
Dr_TraumaInformed,"Licensed therapist, trauma specialist, speaker","Engaging the Resistant: Men, Skeptics, and Defensive Audiences",Reddit r/AskMen + r/AskWomen crosspost,"Reaching people who are defensive or dismissive about GBV prevention requires creating safe, non-judgmental spaces where open dialogue is possible. It's important to use trauma-informed communication that avoids shaming or triggering, which often causes defensiveness. Emphasizing empathy and connecting prevention messages to personal values or experiences can help change minds. Ultimately, patience and genuine engagement are key, rather than preaching or forcing messages on resistant individuals."
LinkedInHRPro,"HR Director, workplace culture consultant","Engaging the Resistant: Men, Skeptics, and Defensive Audiences",Reddit r/AskMen + r/AskWomen crosspost,"Reaching people who are defensive or dismissive about GBV prevention requires moving away from preaching and instead focusing on building trust and relevance. Trainings that use relatable scenarios, practical impacts, and avoid moralizing tend to engage better. Involving peers or respected figures in the conversation can also help break down resistance. Ultimately, it's about creating a safe space for honest dialogue rather than pushing messages that feel accusatory or out of touch."
MensRights_Voice,"Software developer, men's issues blogger","Engaging the Resistant: Men, Skeptics, and Defensive Audiences",Reddit r/AskMen + r/AskWomen crosspost,"From my perspective, the key to reaching people who are defensive or dismissive about GBV prevention is to stop treating men like automatic suspects. Most training feels like preaching to the choir or accusing men, which just makes them tune out. What actually changes minds is when programs treat men as allies and partners, engaging them in honest, balanced conversations. Using practical, relatable examples instead of abstract moralizing also helps people connect and reflect."
CampusSafety_Dean,"University Dean of Students, Title IX coordinator","Engaging the Resistant: Men, Skeptics, and Defensive Audiences",Reddit r/AskMen + r/AskWomen crosspost,"From my experience as a University Dean and Title IX coordinator, reaching people who are defensive or dismissive about GBV prevention requires moving away from preaching and checkbox trainings. Instead, we need to create spaces for genuine dialogue where people feel heard, not judged. Using relatable stories and emphasizing shared values helps reduce defensiveness. Peer-led discussions and involving trusted community members as messengers can also make a big difference. Programs that feel imposed or punitive often push people away, so fostering empathy and connection is key to changing minds."
QueerSafety_Activist,"LGBTQ+ center director, community organizer","Engaging the Resistant: Men, Skeptics, and Defensive Audiences",Reddit r/AskMen + r/AskWomen crosspost,"Honestly, the key to reaching people who are defensive or dismissive about GBV prevention is to avoid preaching or shaming. Instead, create spaces where they feel safe to listen and share without judgment. Sharing real stories that connect emotionally can help break down barriers. Also, addressing issues like cisnormativity and heteronormativity openly but respectfully is important, so people understand the unique challenges faced by queer and trans folks. It's about fostering empathy and dialogue, not alienation."
CampusSafety_Dean,"University Dean of Students, Title IX coordinator",Bystander Intervention: Theory vs. Reality,Community Safety Forum,"From my experience as a University Dean and Title IX coordinator, I see that many bystander intervention trainings fall short because they remain too theoretical and don't equip people with practical, safe ways to act. Fear and uncertainty often stop people from intervening. To make these trainings more effective, we need to focus on realistic scenarios, peer-led discussions, and clear, actionable strategies that respect individuals' safety and comfort levels. It's about empowering people, not just informing them."
UrbanYouthAdvocate,"Community organizer, youth program director",Bystander Intervention: Theory vs. Reality,Community Safety Forum,"Honestly, a lot of folks don't step in because they're scared or unsure what to do, especially in our communities where things can escalate fast. Most trainings are too theoretical and don't reflect the real-life situations we face. To make it practical, trainings gotta include scenarios that actually happen around here, teach clear, safe steps to intervene, and maybe use peer-led role plays so people feel more confident and less alone when stepping up."
FormerGreekLifeVP,"Young professional, formerly fraternity vice president",Bystander Intervention: Theory vs. Reality,Community Safety Forum,"From my experience, bystander intervention training is everywhere but actually stepping in is rare. What stops most people is fear of social backlash, not knowing how to intervene safely, and feeling like the training is too theoretical and disconnected from real peer culture. To make it more practical, trainings need to be peer-led, culturally relevant, and include realistic scenarios that reflect students' everyday experiences. It has to feel authentic and doable within the social dynamics people actually face."
InteractiveDesignerGDC,"Serious games designer, educational tech specialist",Bystander Intervention: Theory vs. Reality,Community Safety Forum,"Honestly, a lot of bystander intervention training feels too theoretical and disconnected from real situations. People often don't intervene because they're scared, unsure what to do, or worried about making things worse. To make training more practical, it needs to offer realistic scenarios that build confidence and skills, not just lectures or checklists. Games or interactive experiences that respect players and motivate them intrinsically can help prepare folks better for real-life moments."
CopOnTheBeat,"Police officer, domestic violence unit",Bystander Intervention: Theory vs. Reality,Community Safety Forum,"From what I've seen on the front lines, a lot of folks don't intervene because they're scared or unsure how to do it safely. Most trainings are too theoretical and don't prepare people for the real chaos of violent situations. To make it practical, trainings need to focus on realistic scenarios, teach clear and safe ways to step in, and build confidence through practice. Also, emphasizing that you don't have to act alone but can get help from others makes a big difference."
SafetyTechFounder,"Safety tech startup founder, former engineer",Bystander Intervention: Theory vs. Reality,Community Safety Forum,"In my experience, people often hesitate to intervene in real life because bystander training can feel too theoretical and doesn't fully prepare them for the emotional and social challenges they face. Fear of retaliation, uncertainty about how to act, and social pressure are big barriers. To make training more practical, it should include realistic scenarios, role-playing, and clear, safe strategies for intervention that build confidence. Technology could play a role by offering interactive simulations that help people practice these skills in a safe environment."
QueerSafety_Activist,"LGBTQ+ center director, community organizer",Bystander Intervention: Theory vs. Reality,Community Safety Forum,"Honestly, a lot of folks don't intervene because they're scared or unsure of what to do in the moment. Most trainings feel theoretical because they don't reflect real-life complexities, especially for queer and trans people who face unique risks. To make it more practical, trainings need to include relatable scenarios, focus on building confidence through peer-led discussions, and address the specific challenges LGBTQ+ folks face. Safe spaces for practice and ongoing support can help bridge the gap between theory and action."
Dr_TraumaInformed,"Licensed therapist, trauma specialist, speaker",Bystander Intervention: Theory vs. Reality,Community Safety Forum,"In my experience, many people hesitate to intervene in real life due to fear of personal harm, uncertainty about the situation, or not knowing what to do. To make bystander intervention training more practical, it should include realistic scenarios, role-playing exercises, and trauma-informed guidance that empowers individuals to act safely and confidently. Training that builds skills gradually and respects people's boundaries can bridge the gap between theory and real-world action."
MensRights_Voice,"Software developer, men's issues blogger",Bystander Intervention: Theory vs. Reality,Community Safety Forum,"Honestly, I rarely intervened in real life because the training felt disconnected and accusatory, making it hard to relate. What stopped me was feeling like these programs assume men are the problem, which just alienates us. To make it more practical, trainings should focus on real scenarios, treat men as allies, and avoid preaching or shaming. That way, men might actually feel motivated and prepared to step in when needed."
LinkedInHRPro,"HR Director, workplace culture consultant",Bystander Intervention: Theory vs. Reality,Community Safety Forum,"In my experience, the main reason people don't intervene despite training is that many programs are too theoretical and don't prepare individuals for the real emotional and social challenges. Fear of retaliation, uncertainty about how to act, and social pressure often hold people back. To make training more practical, it should include realistic scenarios, role-playing, and clear, simple strategies that empower people to intervene safely and confidently. Building these skills over time with ongoing support is key to bridging the gap between theory and action."
GlobalGBV_Worker,"International development worker, GBV program manager",Bystander Intervention: Theory vs. Reality,Community Safety Forum,"In my experience, many people don't intervene in real life despite bystander intervention training because the training often feels too theoretical and disconnected from their actual cultural and social realities. Fear for personal safety, uncertainty about how to act appropriately, and social pressures can stop people. To make these trainings more practical, they need to include realistic, culturally relevant scenarios and role-playing that reflect local power dynamics and social norms. This approach helps build confidence and equips people to act effectively within their communities."
CopOnTheBeat,"Police officer, domestic violence unit",Tech Solutions for GBV Prevention,ProductHunt Discussion,"From my experience in the domestic violence unit, some safety apps that provide quick emergency contacts or location sharing can be helpful in urgent situations. However, many digital prevention tools feel more performative than practical. They often don't address the complex realities of abuse or teach people how to intervene safely and effectively. What's really missing is training and support that prepares bystanders and survivors for real-world intervention, beyond just relying on technology."
GlobalGBV_Worker,"International development worker, GBV program manager",Tech Solutions for GBV Prevention,ProductHunt Discussion,"In my experience, many safety apps and digital prevention tools for GBV tend to be performative rather than truly effective. The ones that work are those that are culturally adaptable, easy to use, and connected to local support networks. However, most apps miss the mark by not addressing the deeper power dynamics or providing context-sensitive, real-time support. What's really missing is a holistic approach where technology complements community engagement and culturally relevant prevention strategies, rather than trying to be a standalone solution."
Dr_TraumaInformed,"Licensed therapist, trauma specialist, speaker",Tech Solutions for GBV Prevention,ProductHunt Discussion,"Many safety apps and digital prevention tools for GBV tend to be performative rather than truly effective. They often lack trauma-informed design elements such as trigger warnings, user choice, and emotional support, which are crucial to avoid retraumatization. What's missing is a focus on empowering users with practical, safe options and ongoing support rather than just flashy features. For these tools to work, they must prioritize emotional safety, user autonomy, and integrate trauma-informed principles throughout their design and implementation."
MensRights_Voice,"Software developer, men's issues blogger",Tech Solutions for GBV Prevention,ProductHunt Discussion,"Honestly, a lot of these safety apps and digital prevention tools feel more performative than effective. Many focus on surface-level features without addressing the deeper social issues or engaging men as partners in prevention. They often miss the mark by not providing practical, inclusive approaches that actually change behavior. What’s really missing is a way to involve men constructively, rather than framing them as threats, and tools that foster real dialogue and understanding instead of just ticking boxes."
InteractiveDesignerGDC,"Serious games designer, educational tech specialist",Tech Solutions for GBV Prevention,ProductHunt Discussion,"In my experience, many safety apps and digital prevention tools for GBV tend to be performative, focusing on surface-level features like alerts or checklists without fostering real engagement or behavior change. The ones that actually work are those grounded in solid game design principles, respecting users' intrinsic motivation and providing authentic, meaningful interactions. What's often missing is attention to context, emotional safety, and ongoing support that helps users feel empowered rather than just monitored or reminded."
Sarah_Speaks,"Nonprofit worker, survivor advocate, blogger",Tech Solutions for GBV Prevention,ProductHunt Discussion,"From my experience, many safety apps and digital prevention tools for GBV are more performative than effective. While some offer useful features like emergency contacts or location sharing, they often lack trauma-informed design and don't center survivor voices. What's missing is authentic engagement with survivors, customization for diverse needs, and integration with community support systems. Without these, tech solutions risk being superficial and failing to address the root causes of GBV."
FormerGreekLifeVP,"Young professional, formerly fraternity vice president",Tech Solutions for GBV Prevention,ProductHunt Discussion,"From my experience, many safety apps and digital prevention tools end up feeling performative because they don't really connect with the peer culture that drives behavior, especially in college settings like fraternities. They often miss the mark by not integrating with real social dynamics or peer accountability systems. What’s missing is authentic engagement that feels natural to students, tools that support peer-led prevention rather than top-down mandates, and practical usability in real situations. Without these, tech solutions risk being just another checkbox rather than a real change agent."
CampusSafety_Dean,"University Dean of Students, Title IX coordinator",Tech Solutions for GBV Prevention,ProductHunt Discussion,"From my experience as a University Dean and Title IX coordinator, many safety apps and digital prevention tools feel performative rather than truly effective. They often fail to engage diverse student populations or provide scalable, trauma-informed support that respects privacy and cultural differences. What we really need is a tool that integrates into campus culture, offers practical, real-time support, and fosters community engagement without feeling like a checkbox exercise. The tech approach often misses the emotional and social complexities of GBV prevention, which limits its real impact."
QueerSafety_Activist,"LGBTQ+ center director, community organizer",Tech Solutions for GBV Prevention,ProductHunt Discussion,"Most safety apps and digital prevention tools for GBV tend to be performative rather than truly effective. They often ignore the specific needs of LGBTQ+ communities, especially trans folks, by assuming a binary gender framework and failing to address transphobia. What’s missing is an intersectional approach that includes queer experiences explicitly, offers culturally relevant resources, and empowers users with practical tools beyond just emergency alerts or generic advice. Without this, these tools risk excluding many vulnerable people and falling short of real prevention."
LinkedInHRPro,"HR Director, workplace culture consultant",Tech Solutions for GBV Prevention,ProductHunt Discussion,"In my experience, many safety apps and digital prevention tools tend to be more performative than truly effective. They often provide a false sense of security without addressing the deeper cultural issues or empowering users to create real change. What's missing is integration with evidence-based workplace programs that engage employees meaningfully and foster measurable cultural shifts. Technology alone can't fix GBV prevention; it needs to be part of a broader, well-designed strategy that actually works in corporate settings."
UrbanYouthAdvocate,"Community organizer, youth program director",Tech Solutions for GBV Prevention,ProductHunt Discussion,"From my experience as a community organizer in Chicago, most safety apps and digital prevention tools for GBV fall short because they don't address the realities of urban Black and Brown communities. Many are performative, designed without cultural competence or understanding of systemic issues like police violence and economic hardship. What's missing is tools that are accessible, culturally relevant, and that connect users to local support networks. We need tech solutions that empower communities rather than just ticking boxes."
Sarah_Speaks,"Nonprofit worker, survivor advocate, blogger",LGBTQ+ Inclusive GBV Prevention,LGBTQ+ Advocacy Forum,"Most GBV prevention resources are heteronormative because they're often created by people who don't understand or prioritize queer and trans experiences. They default to cisgender, heterosexual frameworks, which leaves out the specific challenges faced by LGBTQ+ folks. Truly inclusive prevention would center queer and trans voices, address issues like transphobia and homophobia, and provide culturally relevant, practical resources that affirm diverse identities. It should create safe spaces and go beyond generic alerts to offer real support tailored to these communities."
CampusSafety_Dean,"University Dean of Students, Title IX coordinator",LGBTQ+ Inclusive GBV Prevention,LGBTQ+ Advocacy Forum,"Most GBV prevention resources have historically been heteronormative because they were developed within frameworks that centered cisgender, heterosexual experiences, often overlooking the unique challenges faced by queer and trans individuals. Truly inclusive prevention must center LGBTQ+ voices, address specific issues like transphobia and homophobia, and incorporate trauma-informed, culturally relevant approaches. It also requires involving queer and trans communities directly in the design and implementation of programs to ensure they are authentic, effective, and responsive to diverse needs."
QueerSafety_Activist,"LGBTQ+ center director, community organizer",LGBTQ+ Inclusive GBV Prevention,LGBTQ+ Advocacy Forum,"Most GBV prevention resources are heteronormative because they often assume a cisgender, heterosexual framework where the perpetrator is male and the victim is female. This erases the experiences of queer and trans people, who face unique forms of violence and discrimination, including transphobia and homophobia. Truly inclusive prevention must explicitly recognize diverse relationship dynamics, address the specific vulnerabilities of LGBTQ+ individuals, and incorporate trauma-informed, intersectional approaches. It should center queer and trans voices, challenge cisnormative and heteronormative assumptions, and provide resources that reflect the realities of all survivors."
UrbanYouthAdvocate,"Community organizer, youth program director",LGBTQ+ Inclusive GBV Prevention,LGBTQ+ Advocacy Forum,"Most GBV prevention resources are heteronormative because they come from frameworks that center cisgender, straight experiences, often ignoring the unique challenges queer and trans folks face. Truly inclusive prevention means centering LGBTQ+ voices, addressing intersectionality, and creating programs that respect diverse identities and relationship structures. It also requires training providers to understand systemic barriers and discrimination that affect queer and trans communities, ensuring safety and support are relevant and accessible."
FormerGreekLifeVP,"Young professional, formerly fraternity vice president",LGBTQ+ Inclusive GBV Prevention,LGBTQ+ Advocacy Forum,"Most GBV prevention resources end up heteronormative because they are often designed without fully including or understanding queer and trans experiences. They tend to default to assumptions about gender and relationships that don't reflect the realities of LGBTQ+ people. Truly inclusive prevention needs to center queer and trans voices, address specific risks like identity-based violence, and create safe, affirming spaces. It also requires peer accountability within LGBTQ+ communities and culturally competent approaches that go beyond one-size-fits-all models. Prevention has to feel authentic and relevant to those it aims to protect."
LinkedInHRPro,"HR Director, workplace culture consultant",LGBTQ+ Inclusive GBV Prevention,LGBTQ+ Advocacy Forum,"Most GBV prevention resources are heteronormative because they are often designed within traditional frameworks that assume cisgender, heterosexual experiences as the norm. This leads to exclusion or invisibility of queer and trans identities and their specific risks. Truly inclusive prevention must integrate intersectional perspectives, recognize diverse gender identities and sexual orientations, and address the unique challenges faced by queer and trans people. It should create safe, validating spaces, train facilitators in LGBTQ+ sensitivity, and ensure policies go beyond mere compliance to foster genuine inclusivity."
CopOnTheBeat,"Police officer, domestic violence unit",LGBTQ+ Inclusive GBV Prevention,LGBTQ+ Advocacy Forum,"Most GBV prevention resources are heteronormative because they often come from traditional frameworks that don't fully consider the diverse realities of queer and trans people. They tend to focus on cisgender, heterosexual relationships and miss the unique challenges faced by LGBTQ+ individuals, like discrimination, stigma, and specific forms of abuse. Truly inclusive prevention would involve designing programs with input from queer and trans communities, addressing intersectional issues, and training responders to understand and support these experiences safely and effectively. It also means creating safe spaces where queer and trans survivors feel seen and supported, not sidelined."
Dr_TraumaInformed,"Licensed therapist, trauma specialist, speaker",LGBTQ+ Inclusive GBV Prevention,LGBTQ+ Advocacy Forum,"Most GBV prevention resources are heteronormative because they often center cisgender, heterosexual experiences and overlook the unique challenges faced by queer and trans individuals. Truly inclusive prevention must actively incorporate queer and trans voices, address identity-based violence, and use trauma-informed, intersectional approaches that respect diverse gender identities and sexual orientations. It should also ensure culturally competent support and create safe spaces that acknowledge and validate these experiences."
InteractiveDesignerGDC,"Serious games designer, educational tech specialist",LGBTQ+ Inclusive GBV Prevention,LGBTQ+ Advocacy Forum,"Most GBV prevention resources are heteronormative because they are often designed without meaningful input from queer and trans communities, leading to a narrow focus on cisgender, heterosexual experiences. This exclusion perpetuates misunderstandings and fails to address the unique challenges faced by LGBTQ+ individuals. Truly inclusive prevention would center queer and trans voices, incorporate intersectional and trauma-informed design, and create safe, affirming spaces that reflect diverse identities and experiences. It would also empower users through authentic engagement rather than generic, one-size-fits-all content."
GlobalGBV_Worker,"International development worker, GBV program manager",LGBTQ+ Inclusive GBV Prevention,LGBTQ+ Advocacy Forum,"Most GBV prevention resources are heteronormative because they are often developed within dominant cultural frameworks that center cisgender, heterosexual experiences, overlooking the unique challenges faced by queer and trans individuals. Truly inclusive prevention must integrate queer and trans voices from the outset, address specific risks and power dynamics they face, and challenge heteronormative assumptions. It should also be culturally adaptable, intersectional, and engage communities authentically to be effective."
MensRights_Voice,"Software developer, men's issues blogger",LGBTQ+ Inclusive GBV Prevention,LGBTQ+ Advocacy Forum,"Honestly, most GBV prevention resources tend to be heteronormative because they focus on traditional gender roles and often overlook the unique experiences of queer and trans people. To be truly inclusive, prevention programs need to recognize and address the diversity of identities and experiences beyond the binary. That means incorporating education and support that reflects queer and trans realities, rather than assuming everyone fits into a straight, cisgender framework. It's about fairness and making sure no group feels excluded or misunderstood."
SafetyTechFounder,"Safety tech startup founder, former engineer",LGBTQ+ Inclusive GBV Prevention,LGBTQ+ Advocacy Forum,"Most GBV prevention resources tend to be heteronormative because they were originally designed around cisgender, heterosexual experiences, often overlooking the unique challenges faced by queer and trans individuals. Truly inclusive prevention would center queer and trans voices in the design and implementation, ensure cultural competence, address specific risks and barriers they face, and foster allyship within and beyond these communities. It also requires an intersectional approach that considers overlapping identities and systemic oppressions."
CopOnTheBeat,"Police officer, domestic violence unit",What Actually Changes Behavior?,Reddit r/changemyview,"From what I've seen on the front lines, a lot of GBV prevention education feels like it's more about covering institutions legally than actually changing behavior. Many programs focus on awareness but don't teach people how to intervene safely and effectively in real situations. Because of that, there's little evidence that these trainings actually prevent violence. The gap between theory and real-world impact is frustrating and needs to be addressed if we want real change."
UrbanYouthAdvocate,"Community organizer, youth program director",What Actually Changes Behavior?,Reddit r/changemyview,"I get where this view is coming from. A lot of GBV prevention programs feel like they're just about covering institutions legally, ticking boxes to avoid liability rather than truly changing behavior. From my experience working in urban communities, the programs that actually make a difference are those that are culturally relevant, community-led, and address systemic issues like economic hardship and police violence. Without that deeper engagement, these trainings often fall flat and don't resonate with the people who need them most."
InteractiveDesignerGDC,"Serious games designer, educational tech specialist",What Actually Changes Behavior?,Reddit r/changemyview,"I understand the skepticism around GBV prevention education often being more about legal protection than actual behavior change. From what I've seen, many programs do fall short because they're designed as checkboxes rather than meaningful engagement. However, when programs are thoughtfully designed—especially using serious games that respect players and tap into intrinsic motivation—they can foster real reflection and behavioral shifts. The evidence is mixed, but the key is authentic, well-crafted interventions rather than superficial compliance training."
MensRights_Voice,"Software developer, men's issues blogger",What Actually Changes Behavior?,Reddit r/changemyview,"Honestly, from what I've seen and experienced, a lot of GBV prevention education feels like it's more about protecting institutions legally than actually changing behavior. These programs often alienate men by assuming all men are potential perpetrators, which just makes guys tune out instead of learn. Without engaging men as allies and addressing the root causes fairly, it's hard to see real behavior change happening. So yeah, the evidence that these programs prevent violence is pretty weak in my opinion."
SafetyTechFounder,"Safety tech startup founder, former engineer",What Actually Changes Behavior?,Reddit r/changemyview,"I understand the skepticism around GBV prevention education, as many programs do seem to focus more on legal protection for institutions than on actual behavior change. From my experience, changing behavior is incredibly complex and requires more than just training or information sessions. However, there is evidence that well-designed, community-led, trauma-informed programs that engage participants meaningfully and are culturally relevant can reduce incidents of violence. Technology can help by enabling scalable, tailored interventions that support sustained behavior change rather than just ticking boxes."
CampusSafety_Dean,"University Dean of Students, Title IX coordinator",What Actually Changes Behavior?,Reddit r/changemyview,"I understand the skepticism around GBV prevention education, as many programs do seem to function more as legal safeguards for institutions rather than truly changing behavior. From my experience, mandatory online modules and workshops often face student resistance and low engagement, which limits their effectiveness. However, some approaches like bystander intervention programs and trauma-informed, community-led initiatives show potential to foster real change, though they require careful implementation and genuine buy-in from students. The challenge is finding scalable solutions that students don't perceive as mere checkboxes or punishments but as meaningful and relevant to their diverse experiences."
Dr_TraumaInformed,"Licensed therapist, trauma specialist, speaker",What Actually Changes Behavior?,Reddit r/changemyview,"It's true that many GBV prevention programs primarily serve to protect institutions legally rather than effectively changing behavior. From my experience as a trauma specialist, this often happens because programs lack trauma-informed design and fail to engage participants in meaningful, supportive ways. However, some well-designed, community-led, trauma-informed programs have demonstrated potential to reduce violence by fostering empathy, awareness, and real behavioral change. The key is rigorous evaluation and prioritizing survivor safety and empowerment rather than just legal compliance."
LinkedInHRPro,"HR Director, workplace culture consultant",What Actually Changes Behavior?,Reddit r/changemyview,"It's true that many GBV prevention programs primarily serve to protect institutions legally rather than effectively changing behavior. From my experience, most trainings are compliance-driven checkbox exercises with low engagement and minimal impact on workplace culture. However, some evidence-based programs that include strong leadership support, tailored content, ongoing reinforcement, and measurable outcomes have shown promise in fostering real behavioral change. The key is moving beyond generic training to tools that truly engage employees and create measurable cultural shifts."
Sarah_Speaks,"Nonprofit worker, survivor advocate, blogger",What Actually Changes Behavior?,Reddit r/changemyview,"I agree that many GBV prevention programs seem more focused on protecting institutions legally than actually changing behavior. From my experience, these programs often lack trauma-informed and survivor-centered approaches, which limits their effectiveness. There's limited evidence showing they truly prevent violence, especially when they're one-size-fits-all and don't engage communities authentically. Real change requires programs that center survivor voices, address systemic issues, and foster genuine accountability, not just legal compliance."
SafetyTechFounder,"Safety tech startup founder, former engineer",Real Scenarios Prevention Tools Should Address,Various Community Forums,"In my view, GBV prevention tools should prepare people for real-world situations like recognizing early signs of abusive behavior in relationships, safely intervening when witnessing harassment or assault in public or social settings, understanding and respecting consent, and supporting survivors effectively. They should also address digital safety concerns, such as handling online harassment or stalking. Focusing on these practical scenarios can make prevention knowledge truly impactful beyond just theory."
UrbanYouthAdvocate,"Community organizer, youth program director",Real Scenarios Prevention Tools Should Address,Various Community Forums,"From my experience working in urban communities, GBV prevention tools should prepare people for real situations like recognizing early signs of abuse in relationships, safely intervening when witnessing harassment or violence in public spaces, navigating interactions with law enforcement that can be unsafe, and understanding economic pressures that might increase vulnerability. It's also important these tools help people learn how to support survivors, hold peers accountable in culturally relevant ways, and access local resources. Prevention has to be practical and rooted in the realities people face daily, not just theoretical."
LinkedInHRPro,"HR Director, workplace culture consultant",Real Scenarios Prevention Tools Should Address,Various Community Forums,"GBV prevention tools should prepare people for real-world situations like recognizing early signs of harassment or abuse, safely intervening when witnessing inappropriate behavior, understanding and respecting consent and boundaries, supporting survivors, and navigating power dynamics in the workplace or community. They should also address handling microaggressions, challenging toxic peer culture, and knowing how to access resources or report incidents effectively. These practical scenarios help people apply prevention knowledge in everyday life rather than just theoretical concepts."
Sarah_Speaks,"Nonprofit worker, survivor advocate, blogger",Real Scenarios Prevention Tools Should Address,Various Community Forums,"From my perspective, GBV prevention tools should prepare people for real situations like recognizing early warning signs of abusive behavior in relationships, safely intervening when witnessing harassment or assault, navigating reporting processes in workplaces or campuses, and coping with retraumatization from inadequate support. These tools need to go beyond theory and equip people with practical skills and trauma-informed approaches that reflect survivors' lived experiences."
GlobalGBV_Worker,"International development worker, GBV program manager",Real Scenarios Prevention Tools Should Address,Various Community Forums,"GBV prevention tools should prepare people for real-world situations like recognizing and safely intervening in harassment in public spaces, workplaces, and social events. They need to address understanding consent and boundaries in intimate relationships, navigating power imbalances that can lead to exploitation, and supporting survivors with trauma-informed approaches. It's also vital that these tools help people challenge harmful cultural norms and equip them with practical skills for peer accountability and safe intervention, all tailored to the local context."
Dr_TraumaInformed,"Licensed therapist, trauma specialist, speaker",Real Scenarios Prevention Tools Should Address,Various Community Forums,"GBV prevention tools should prepare people for real situations like recognizing early signs of abusive or controlling behavior in relationships, safely intervening when witnessing harassment or assault, supporting survivors in ways that avoid retraumatization, and understanding power dynamics in workplaces or social settings. These tools must provide practical skills and guidance that are trauma-informed and culturally sensitive to be truly effective."
QueerSafety_Activist,"LGBTQ+ center director, community organizer",Real Scenarios Prevention Tools Should Address,Various Community Forums,"From my perspective, GBV prevention tools should prepare people for real situations like intimate partner violence in LGBTQ+ relationships, including emotional and physical abuse that often goes unrecognized. They should also address transphobic violence and harassment, consent in diverse relationship structures, and how to safely intervene as a bystander. It's crucial these tools help people recognize subtle forms of abuse and provide access to inclusive support resources. These scenarios are often ignored in mainstream programs, so prevention knowledge must be explicitly inclusive and practical for queer and trans folks."
